"model_key","model","training_set","run","text_source","test_set","n","accuracy","correct","source_file"
"nb","Naive Bayes","I1","summary_v1.json","reference","voice_24","24","0.5833333333333334","14","reports/e2e/summary_v1.json"
"nb","Naive Bayes","I1","summary_v1.json","A0","voice_24","24","0.20833333333333334","5","reports/e2e/summary_v1.json"
"nb","Naive Bayes","I1","summary_v1.json","A1","voice_24","24","0.25","6","reports/e2e/summary_v1.json"
"nb","Naive Bayes","I1","summary_v1.json","A2","voice_24","24","0.4166666666666667","10","reports/e2e/summary_v1.json"
"logreg","Logistic Regression (คำ)","I1","summary_v1.json","reference","voice_24","24","0.5","12","reports/e2e/summary_v1.json"
"logreg","Logistic Regression (คำ)","I1","summary_v1.json","A0","voice_24","24","0.20833333333333334","5","reports/e2e/summary_v1.json"
"logreg","Logistic Regression (คำ)","I1","summary_v1.json","A1","voice_24","24","0.20833333333333334","5","reports/e2e/summary_v1.json"
"logreg","Logistic Regression (คำ)","I1","summary_v1.json","A2","voice_24","24","0.375","9","reports/e2e/summary_v1.json"
"cnn","TextCNN","I1","summary_v1.json","reference","voice_24","24","0.5416666666666666","13","reports/e2e/summary_v1.json"
"cnn","TextCNN","I1","summary_v1.json","A0","voice_24","24","0.3333333333333333","8","reports/e2e/summary_v1.json"
"cnn","TextCNN","I1","summary_v1.json","A1","voice_24","24","0.3333333333333333","8","reports/e2e/summary_v1.json"
"cnn","TextCNN","I1","summary_v1.json","A2","voice_24","24","0.3333333333333333","8","reports/e2e/summary_v1.json"
"lstm","BiLSTM","I1","summary_v1.json","reference","voice_24","24","0.625","15","reports/e2e/summary_v1.json"
"lstm","BiLSTM","I1","summary_v1.json","A0","voice_24","24","0.25","6","reports/e2e/summary_v1.json"
"lstm","BiLSTM","I1","summary_v1.json","A1","voice_24","24","0.375","9","reports/e2e/summary_v1.json"
"lstm","BiLSTM","I1","summary_v1.json","A2","voice_24","24","0.5","12","reports/e2e/summary_v1.json"
"nb","Naive Bayes","I2","summary_v2.json","reference","voice_24","24","0.9166666666666666","22","reports/e2e/summary_v2.json"
"nb","Naive Bayes","I2","summary_v2.json","A0","voice_24","24","0.4583333333333333","11","reports/e2e/summary_v2.json"
"nb","Naive Bayes","I2","summary_v2.json","A1","voice_24","24","0.5833333333333334","14","reports/e2e/summary_v2.json"
"nb","Naive Bayes","I2","summary_v2.json","A2","voice_24","24","0.6666666666666666","16","reports/e2e/summary_v2.json"
"nb","Naive Bayes","I2","summary_v2.json","A3","voice_24","24","0.75","18","reports/e2e/summary_v2.json"
"logreg","Logistic Regression (คำ)","I2","summary_v2.json","reference","voice_24","24","0.875","21","reports/e2e/summary_v2.json"
"logreg","Logistic Regression (คำ)","I2","summary_v2.json","A0","voice_24","24","0.375","9","reports/e2e/summary_v2.json"
"logreg","Logistic Regression (คำ)","I2","summary_v2.json","A1","voice_24","24","0.5416666666666666","13","reports/e2e/summary_v2.json"
"logreg","Logistic Regression (คำ)","I2","summary_v2.json","A2","voice_24","24","0.7083333333333334","17","reports/e2e/summary_v2.json"
"logreg","Logistic Regression (คำ)","I2","summary_v2.json","A3","voice_24","24","0.75","18","reports/e2e/summary_v2.json"
"logreg_char","Logistic Regression (คำ + ตัวอักษร)","I2","summary_v2.json","reference","voice_24","24","0.875","21","reports/e2e/summary_v2.json"
"logreg_char","Logistic Regression (คำ + ตัวอักษร)","I2","summary_v2.json","A0","voice_24","24","0.4583333333333333","11","reports/e2e/summary_v2.json"
"logreg_char","Logistic Regression (คำ + ตัวอักษร)","I2","summary_v2.json","A1","voice_24","24","0.5833333333333334","14","reports/e2e/summary_v2.json"
"logreg_char","Logistic Regression (คำ + ตัวอักษร)","I2","summary_v2.json","A2","voice_24","24","0.75","18","reports/e2e/summary_v2.json"
"logreg_char","Logistic Regression (คำ + ตัวอักษร)","I2","summary_v2.json","A3","voice_24","24","0.75","18","reports/e2e/summary_v2.json"
"cnn","TextCNN","I2","summary_v2.json","reference","voice_24","24","0.9166666666666666","22","reports/e2e/summary_v2.json"
"cnn","TextCNN","I2","summary_v2.json","A0","voice_24","24","0.4166666666666667","10","reports/e2e/summary_v2.json"
"cnn","TextCNN","I2","summary_v2.json","A1","voice_24","24","0.5","12","reports/e2e/summary_v2.json"
"cnn","TextCNN","I2","summary_v2.json","A2","voice_24","24","0.625","15","reports/e2e/summary_v2.json"
"cnn","TextCNN","I2","summary_v2.json","A3","voice_24","24","0.7083333333333334","17","reports/e2e/summary_v2.json"
"lstm","BiLSTM","I2","summary_v2.json","reference","voice_24","24","0.9166666666666666","22","reports/e2e/summary_v2.json"
"lstm","BiLSTM","I2","summary_v2.json","A0","voice_24","24","0.5833333333333334","14","reports/e2e/summary_v2.json"
"lstm","BiLSTM","I2","summary_v2.json","A1","voice_24","24","0.5833333333333334","14","reports/e2e/summary_v2.json"
"lstm","BiLSTM","I2","summary_v2.json","A2","voice_24","24","0.75","18","reports/e2e/summary_v2.json"
"lstm","BiLSTM","I2","summary_v2.json","A3","voice_24","24","0.7916666666666666","19","reports/e2e/summary_v2.json"
"nb","Naive Bayes","I3","summary_v3_24.json","reference","voice_24","24","0.9583333333333334","23","reports/e2e/summary_v3_24.json"
"nb","Naive Bayes","I3","summary_v3_24.json","A2","voice_24","24","0.75","18","reports/e2e/summary_v3_24.json"
"nb","Naive Bayes","I3","summary_v3_24.json","A3","voice_24","24","0.75","18","reports/e2e/summary_v3_24.json"
"nb","Naive Bayes","I3","summary_v3_24.json","A4","voice_24","24","0.9166666666666666","22","reports/e2e/summary_v3_24.json"
"logreg","Logistic Regression (คำ)","I3","summary_v3_24.json","reference","voice_24","24","0.9166666666666666","22","reports/e2e/summary_v3_24.json"
"logreg","Logistic Regression (คำ)","I3","summary_v3_24.json","A2","voice_24","24","0.7083333333333334","17","reports/e2e/summary_v3_24.json"
"logreg","Logistic Regression (คำ)","I3","summary_v3_24.json","A3","voice_24","24","0.7916666666666666","19","reports/e2e/summary_v3_24.json"
"logreg","Logistic Regression (คำ)","I3","summary_v3_24.json","A4","voice_24","24","0.875","21","reports/e2e/summary_v3_24.json"
"logreg_char","Logistic Regression (คำ + ตัวอักษร)","I3","summary_v3_24.json","reference","voice_24","24","0.9166666666666666","22","reports/e2e/summary_v3_24.json"
"logreg_char","Logistic Regression (คำ + ตัวอักษร)","I3","summary_v3_24.json","A2","voice_24","24","0.75","18","reports/e2e/summary_v3_24.json"
"logreg_char","Logistic Regression (คำ + ตัวอักษร)","I3","summary_v3_24.json","A3","voice_24","24","0.7916666666666666","19","reports/e2e/summary_v3_24.json"
"logreg_char","Logistic Regression (คำ + ตัวอักษร)","I3","summary_v3_24.json","A4","voice_24","24","0.875","21","reports/e2e/summary_v3_24.json"
"cnn","TextCNN","I3","summary_v3_24.json","reference","voice_24","24","0.9583333333333334","23","reports/e2e/summary_v3_24.json"
"cnn","TextCNN","I3","summary_v3_24.json","A2","voice_24","24","0.7083333333333334","17","reports/e2e/summary_v3_24.json"
"cnn","TextCNN","I3","summary_v3_24.json","A3","voice_24","24","0.7916666666666666","19","reports/e2e/summary_v3_24.json"
"cnn","TextCNN","I3","summary_v3_24.json","A4","voice_24","24","0.9583333333333334","23","reports/e2e/summary_v3_24.json"
"lstm","BiLSTM","I3","summary_v3_24.json","reference","voice_24","24","0.9583333333333334","23","reports/e2e/summary_v3_24.json"
"lstm","BiLSTM","I3","summary_v3_24.json","A2","voice_24","24","0.625","15","reports/e2e/summary_v3_24.json"
"lstm","BiLSTM","I3","summary_v3_24.json","A3","voice_24","24","0.8333333333333334","20","reports/e2e/summary_v3_24.json"
"lstm","BiLSTM","I3","summary_v3_24.json","A4","voice_24","24","0.9583333333333334","23","reports/e2e/summary_v3_24.json"
"nb","Naive Bayes","I3","summary_asrv2_60.json","reference","voice_60","60","0.95","57","reports/e2e/summary_asrv2_60.json"
"nb","Naive Bayes","I3","summary_asrv2_60.json","A2","voice_60","60","0.75","45","reports/e2e/summary_asrv2_60.json"
"nb","Naive Bayes","I3","summary_asrv2_60.json","A3","voice_60","60","0.8333333333333334","50","reports/e2e/summary_asrv2_60.json"
"nb","Naive Bayes","I3","summary_asrv2_60.json","A4","voice_60","60","0.9333333333333333","56","reports/e2e/summary_asrv2_60.json"
"logreg","Logistic Regression (คำ)","I3","summary_asrv2_60.json","reference","voice_60","60","0.8833333333333333","53","reports/e2e/summary_asrv2_60.json"
"logreg","Logistic Regression (คำ)","I3","summary_asrv2_60.json","A2","voice_60","60","0.7333333333333333","44","reports/e2e/summary_asrv2_60.json"
"logreg","Logistic Regression (คำ)","I3","summary_asrv2_60.json","A3","voice_60","60","0.85","51","reports/e2e/summary_asrv2_60.json"
"logreg","Logistic Regression (คำ)","I3","summary_asrv2_60.json","A4","voice_60","60","0.8666666666666667","52","reports/e2e/summary_asrv2_60.json"
"logreg_char","Logistic Regression (คำ + ตัวอักษร)","I3","summary_asrv2_60.json","reference","voice_60","60","0.8833333333333333","53","reports/e2e/summary_asrv2_60.json"
"logreg_char","Logistic Regression (คำ + ตัวอักษร)","I3","summary_asrv2_60.json","A2","voice_60","60","0.7333333333333333","44","reports/e2e/summary_asrv2_60.json"
"logreg_char","Logistic Regression (คำ + ตัวอักษร)","I3","summary_asrv2_60.json","A3","voice_60","60","0.8333333333333334","50","reports/e2e/summary_asrv2_60.json"
"logreg_char","Logistic Regression (คำ + ตัวอักษร)","I3","summary_asrv2_60.json","A4","voice_60","60","0.8666666666666667","52","reports/e2e/summary_asrv2_60.json"
"cnn","TextCNN","I3","summary_asrv2_60.json","reference","voice_60","60","0.8166666666666667","49","reports/e2e/summary_asrv2_60.json"
"cnn","TextCNN","I3","summary_asrv2_60.json","A2","voice_60","60","0.65","39","reports/e2e/summary_asrv2_60.json"
"cnn","TextCNN","I3","summary_asrv2_60.json","A3","voice_60","60","0.7166666666666667","43","reports/e2e/summary_asrv2_60.json"
"cnn","TextCNN","I3","summary_asrv2_60.json","A4","voice_60","60","0.8","48","reports/e2e/summary_asrv2_60.json"
"lstm","BiLSTM","I3","summary_asrv2_60.json","reference","voice_60","60","0.9166666666666666","55","reports/e2e/summary_asrv2_60.json"
"lstm","BiLSTM","I3","summary_asrv2_60.json","A2","voice_60","60","0.6666666666666666","40","reports/e2e/summary_asrv2_60.json"
"lstm","BiLSTM","I3","summary_asrv2_60.json","A3","voice_60","60","0.8166666666666667","49","reports/e2e/summary_asrv2_60.json"
"lstm","BiLSTM","I3","summary_asrv2_60.json","A4","voice_60","60","0.8833333333333333","53","reports/e2e/summary_asrv2_60.json"
"nb","Naive Bayes","I4","summary_asrv3_60.json","reference","voice_60","60","0.95","57","reports/e2e/summary_asrv3_60.json"
"nb","Naive Bayes","I4","summary_asrv3_60.json","A4","voice_60","60","0.9333333333333333","56","reports/e2e/summary_asrv3_60.json"
"nb","Naive Bayes","I4","summary_asrv3_60.json","A5","voice_60","60","0.95","57","reports/e2e/summary_asrv3_60.json"
"logreg","Logistic Regression (คำ)","I4","summary_asrv3_60.json","reference","voice_60","60","0.8833333333333333","53","reports/e2e/summary_asrv3_60.json"
"logreg","Logistic Regression (คำ)","I4","summary_asrv3_60.json","A4","voice_60","60","0.8666666666666667","52","reports/e2e/summary_asrv3_60.json"
"logreg","Logistic Regression (คำ)","I4","summary_asrv3_60.json","A5","voice_60","60","0.8666666666666667","52","reports/e2e/summary_asrv3_60.json"
"logreg_char","Logistic Regression (คำ + ตัวอักษร)","I4","summary_asrv3_60.json","reference","voice_60","60","0.8833333333333333","53","reports/e2e/summary_asrv3_60.json"
"logreg_char","Logistic Regression (คำ + ตัวอักษร)","I4","summary_asrv3_60.json","A4","voice_60","60","0.85","51","reports/e2e/summary_asrv3_60.json"
"logreg_char","Logistic Regression (คำ + ตัวอักษร)","I4","summary_asrv3_60.json","A5","voice_60","60","0.8666666666666667","52","reports/e2e/summary_asrv3_60.json"
"cnn","TextCNN","I4","summary_asrv3_60.json","reference","voice_60","60","0.8166666666666667","49","reports/e2e/summary_asrv3_60.json"
"cnn","TextCNN","I4","summary_asrv3_60.json","A4","voice_60","60","0.7833333333333333","47","reports/e2e/summary_asrv3_60.json"
"cnn","TextCNN","I4","summary_asrv3_60.json","A5","voice_60","60","0.8","48","reports/e2e/summary_asrv3_60.json"
"lstm","BiLSTM","I4","summary_asrv3_60.json","reference","voice_60","60","0.9","54","reports/e2e/summary_asrv3_60.json"
"lstm","BiLSTM","I4","summary_asrv3_60.json","A4","voice_60","60","0.8833333333333333","53","reports/e2e/summary_asrv3_60.json"
"lstm","BiLSTM","I4","summary_asrv3_60.json","A5","voice_60","60","0.8333333333333334","50","reports/e2e/summary_asrv3_60.json"
"nb","Naive Bayes","I4","summary_asrv4_60.json","reference","voice_60","60","0.95","57","reports/e2e/summary_asrv4_60.json"
"nb","Naive Bayes","I4","summary_asrv4_60.json","A4","voice_60","60","0.9333333333333333","56","reports/e2e/summary_asrv4_60.json"
"nb","Naive Bayes","I4","summary_asrv4_60.json","A5","voice_60","60","0.95","57","reports/e2e/summary_asrv4_60.json"
"nb","Naive Bayes","I4","summary_asrv4_60.json","A6","voice_60","60","0.9","54","reports/e2e/summary_asrv4_60.json"
"logreg","Logistic Regression (คำ)","I4","summary_asrv4_60.json","reference","voice_60","60","0.8833333333333333","53","reports/e2e/summary_asrv4_60.json"
"logreg","Logistic Regression (คำ)","I4","summary_asrv4_60.json","A4","voice_60","60","0.8666666666666667","52","reports/e2e/summary_asrv4_60.json"
"logreg","Logistic Regression (คำ)","I4","summary_asrv4_60.json","A5","voice_60","60","0.8666666666666667","52","reports/e2e/summary_asrv4_60.json"
"logreg","Logistic Regression (คำ)","I4","summary_asrv4_60.json","A6","voice_60","60","0.85","51","reports/e2e/summary_asrv4_60.json"
"logreg_char","Logistic Regression (คำ + ตัวอักษร)","I4","summary_asrv4_60.json","reference","voice_60","60","0.8833333333333333","53","reports/e2e/summary_asrv4_60.json"
"logreg_char","Logistic Regression (คำ + ตัวอักษร)","I4","summary_asrv4_60.json","A4","voice_60","60","0.85","51","reports/e2e/summary_asrv4_60.json"
"logreg_char","Logistic Regression (คำ + ตัวอักษร)","I4","summary_asrv4_60.json","A5","voice_60","60","0.8666666666666667","52","reports/e2e/summary_asrv4_60.json"
"logreg_char","Logistic Regression (คำ + ตัวอักษร)","I4","summary_asrv4_60.json","A6","voice_60","60","0.85","51","reports/e2e/summary_asrv4_60.json"
"cnn","TextCNN","I4","summary_asrv4_60.json","reference","voice_60","60","0.8166666666666667","49","reports/e2e/summary_asrv4_60.json"
"cnn","TextCNN","I4","summary_asrv4_60.json","A4","voice_60","60","0.7833333333333333","47","reports/e2e/summary_asrv4_60.json"
"cnn","TextCNN","I4","summary_asrv4_60.json","A5","voice_60","60","0.8","48","reports/e2e/summary_asrv4_60.json"
"cnn","TextCNN","I4","summary_asrv4_60.json","A6","voice_60","60","0.7333333333333333","44","reports/e2e/summary_asrv4_60.json"
"lstm","BiLSTM","I4","summary_asrv4_60.json","reference","voice_60","60","0.9","54","reports/e2e/summary_asrv4_60.json"
"lstm","BiLSTM","I4","summary_asrv4_60.json","A4","voice_60","60","0.8833333333333333","53","reports/e2e/summary_asrv4_60.json"
"lstm","BiLSTM","I4","summary_asrv4_60.json","A5","voice_60","60","0.8333333333333334","50","reports/e2e/summary_asrv4_60.json"
"lstm","BiLSTM","I4","summary_asrv4_60.json","A6","voice_60","60","0.8333333333333334","50","reports/e2e/summary_asrv4_60.json"
