"model_key","model","training_set","test_set","accuracy","macro_f1","accuracy_th","accuracy_en","source_file"
"nb","Naive Bayes","I1","MASSIVE th-TH + en-US","0.8374512353706112","0.815367568291195","0.8055190538764783","0.8687258687258688","reports/intent/metrics_v1.json"
"logreg","Logistic Regression (คำ)","I1","MASSIVE th-TH + en-US","0.8595578673602081","0.8435243876463673","0.823915900131406","0.8944658944658944","reports/intent/metrics_v1.json"
"cnn","TextCNN","I1","MASSIVE th-TH + en-US","0.8107932379713915","0.8080882925997974","0.7805519053876478","0.8404118404118404","reports/intent/metrics_v1.json"
"lstm","BiLSTM","I1","MASSIVE th-TH + en-US","0.8283485045513654","0.8151112231580971","0.8042049934296978","0.851994851994852","reports/intent/metrics_v1.json"
"nb","Naive Bayes","I2","MASSIVE th-TH + en-US","0.8394018205461639","0.8150981837400968","0.8042049934296978","0.8738738738738738","reports/intent/metrics_v2.json"
"logreg","Logistic Regression (คำ)","I2","MASSIVE th-TH + en-US","0.8582574772431729","0.8407299376216693","0.8173455978975033","0.8983268983268984","reports/intent/metrics_v2.json"
"logreg_char","Logistic Regression (คำ + ตัวอักษร)","I2","MASSIVE th-TH + en-US","0.8608582574772432","0.8400749597683062","0.823915900131406","0.8970398970398971","reports/intent/metrics_v2.json"
"cnn","TextCNN","I2","MASSIVE th-TH + en-US","0.8198959687906372","0.8079562655115543","0.7752956636005256","0.8635778635778636","reports/intent/metrics_v2.json"
"lstm","BiLSTM","I2","MASSIVE th-TH + en-US","0.8355006501950585","0.8272495929528044","0.8134034165571616","0.8571428571428571","reports/intent/metrics_v2.json"
"nb","Naive Bayes","I3","MASSIVE th-TH + en-US","0.8381014304291288","0.8120138134171816","0.8015768725361366","0.8738738738738738","reports/intent/metrics_v3.json"
"logreg","Logistic Regression (คำ)","I3","MASSIVE th-TH + en-US","0.8576072821846554","0.8412392292604555","0.8173455978975033","0.8970398970398971","reports/intent/metrics_v3.json"
"logreg_char","Logistic Regression (คำ + ตัวอักษร)","I3","MASSIVE th-TH + en-US","0.8589076723016905","0.8394424063551317","0.823915900131406","0.8931788931788932","reports/intent/metrics_v3.json"
"cnn","TextCNN","I3","MASSIVE th-TH + en-US","0.8140442132639792","0.8084072459474135","0.771353482260184","0.8558558558558559","reports/intent/metrics_v3.json"
"lstm","BiLSTM","I3","MASSIVE th-TH + en-US","0.8381014304291288","0.8246546549332271","0.8107752956636005","0.8648648648648649","reports/intent/metrics_v3.json"
"nb","Naive Bayes","I4","MASSIVE th-TH + en-US","0.8400520156046815","0.814484023931653","0.8028909329829172","0.8764478764478765","reports/intent/metrics.json"
"logreg","Logistic Regression (คำ)","I4","MASSIVE th-TH + en-US","0.8576072821846554","0.8418699422388786","0.8173455978975033","0.8970398970398971","reports/intent/metrics.json"
"logreg_char","Logistic Regression (คำ + ตัวอักษร)","I4","MASSIVE th-TH + en-US","0.8576072821846554","0.8367571475037795","0.8226018396846255","0.8918918918918919","reports/intent/metrics.json"
"cnn","TextCNN","I4","MASSIVE th-TH + en-US","0.8413524057217165","0.8186685375333784","0.797634691195795","0.8841698841698842","reports/intent/metrics.json"
"lstm","BiLSTM","I4","MASSIVE th-TH + en-US","0.8543563068920677","0.8368123656583614","0.8278580814717477","0.8803088803088803","reports/intent/metrics.json"
