"asr_id","command","n","success_correct","success_accuracy","all_slots_accuracy","source_file"
"A4","add_task","10","9","0.9","0.9","reports/e2e/slots_asrv2.json"
"A4","complete_task","10","7","0.7","0.8","reports/e2e/slots_asrv2.json"
"A4","add_event","10","5","0.5","0.5","reports/e2e/slots_asrv2.json"
"A5","add_task","10","8","0.8","0.8","reports/e2e/slots_asrv3.json"
"A5","complete_task","10","8","0.8","0.9","reports/e2e/slots_asrv3.json"
"A5","add_event","10","6","0.6","0.6","reports/e2e/slots_asrv3.json"
"A6","add_task","10","6","0.6","0.6","reports/e2e/slots_asrv4.json"
"A6","complete_task","10","7","0.7","0.9","reports/e2e/slots_asrv4.json"
"A6","add_event","10","6","0.6","0.6","reports/e2e/slots_asrv4.json"
